{
  "params": [
    0.33343967459766227,
    0.5164076199266799,
    0.6841540991146009,
    0.6136920065378704,
    0.5481367168410389,
    -0.4194208225287134,
    0.6517017631935356,
    -0.22727123236041122
  ],
  "C": 0.6902052976701822,
  "margins": {
    "|1-alpha|": 4.955744312917787e-06,
    "|eta2|": 1.1349044192199287e-05,
    "|eta3|": 1.155587865953045e-05
  }
}