{
  "params": [
    0.3333343357528153,
    0.5312097366550061,
    0.684191142109613,
    0.6137159216863631,
    0.5481452730115626,
    -0.419425362491169,
    0.6516873566432608,
    -0.22733905776922858
  ],
  "C": 0.690206699119137
}