{
  "params": [
    0.3333343357528153,
    0.5312097366550061,
    0.6841906845513291,
    0.6137168108659945,
    0.5481452730115626,
    -0.419425362491169,
    0.6516873566432608,
    -0.22733905776922858
  ],
  "C": 0.6902053520944359
}